LIBGVR,LIBLOC
NABEUL,MENZEL TEMIME
ARIANA,ARIANA
SIDI BOUZID,CABELET OUELED ASKER
KEBILI,OUM ESSOUMAA
TUNIS,LA GOULETTE
ARIANA,ENNASR
ZAGHOUAN,BIR MCHERGUA
KAIROUAN,KAIROUAN
SOUSSE,KONDAR
MAHDIA,KSOUR ESSAF
SFAX,EL AMRA
SOUSSE,KALAA KBIRA
MEDENINE,MEDENINE
BEN AROUS,RADES
BIZERTE,MENZEL BOURGUIBA
KASSERINE,KASSERINE
MAHDIA,SIDI ALOUANE
KEBILI,KEBILI
BEN AROUS,HAMMAM-LIF
MONASTIR,MENZEL EL HAYET
SFAX,BOUJARBOU
BEN AROUS,BORJ CEDRIA
BIZERTE,MATEUR
MANOUBA,BORJ EL AMRI
SIDI BOUZID,OULED HAFFOUZ
SFAX,MENZEL CHAKER
ZAGHOUAN,EL FAHS
BEJA,AMDOUN
KASSERINE,FERIANA
SIDI BOUZID,ERREGUEB
MONASTIR,JAMMEL
KASSERINE,MAGEL BEL ABBES
BEN AROUS,MORNAG
NABEUL,KORBA
KAIROUAN,SIDI AMOR BOUHAJLA
SOUSSE,SIDI EL HENI
BEN AROUS,BOUMHAL
NABEUL,SOLIMAN
JENDOUBA,BOUSALEM
GAFSA,SIDI IICH
GABES,EL HAMMA
BEJA,BEJA
KASSERINE,SBIBA
SIDI BOUZID,ESSAIDA
MEDENINE,EL KANTRA
MONASTIR,TOUZA
SIDI BOUZID,SOUK DJEDID
SIDI BOUZID,KM 102
BEN AROUS,EL MOUROUJ
KAIROUAN,HAFFOUZ
KAIROUAN,EL BATEN
SFAX,SKHIRA
TATAOUINE,SMAR
BEJA,SLOUGUIA
TUNIS,CITE ELKHADRA
SFAX,MELLITA KERKENNAH
SOUSSE,BEL OUM
SFAX,KERKENAH
BIZERTE,KHETMINE
LE KEF,EL KSOUR
KEBILI,SOUK LAHAD
TATAOUINE,REMADA
NABEUL,NABEUL
ZAGHOUAN,ZAGHOUAN
GAFSA,MOULARES
GABES,KETTANA
TATAOUINE,TATAOUINE
BIZERTE,SEJNENE
MONASTIR,KSAR HELLAL
MAHDIA,SOUASSI
SFAX,EL BDARNA
SOUSSE,SIDI KHLIFA
TUNIS,SIDI BOUSAID
BIZERTE,ZARZOUNA
SIDI BOUZID,MENZEL BOUZAIENE
NABEUL,DOUALA
KAIROUAN,EL ALA
GAFSA,METLAOUI
TUNIS,TUNIS VILLE
SIDI BOUZID,MEKNASSY
MAHDIA,OULED CHAMEKH
SFAX,MAHRES
TOZEUR,TOZEUR
SFAX,GHREIBA
TOZEUR,DEGACHE
SFAX,BIR ALI BEN KHELIFA
TOZEUR,NEFTA
TUNIS,KABARIA
NABEUL,MAAMOURA
MEDENINE,BEN GUERDENE
NABEUL,DAR ALLOUCHE
SILIANA,ROUHIA
GAFSA,EL GUETAR
GABES,MARETH
TUNIS,JEBEL JELLOUD
LE KEF,LE SERS
KAIROUAN,HAJEB EL AYOUN
MAHDIA,MENZEL HACHED
BEN AROUS,BEN AROUS
BIZERTE,BIZERTE
JENDOUBA,TABARKA
KASSERINE,THALA
MONASTIR,MONASTIR
MAHDIA,CHEBBA
SFAX,JBENIANA
GABES,GABES
MEDENINE,HOUMT SOUK
NABEUL,EL HAOUARIA
GABES,GHANNOUCHE
MANOUBA,DENDEN
SILIANA,BOUARADA
MEDENINE,JORF
MONASTIR,EL OUERDANINE
NABEUL,TOZGRANE
BIZERTE,RAS DJEBEL
LE KEF,LE KEF
SFAX,HENCHA
GABES,OUEDHREF
NABEUL,AZMOUR
KAIROUAN,OUESLATIA
SIDI BOUZID,JELMA
SOUSSE,MENZEL DAR BEL OUAER
BIZERTE,RAF RAF
BEJA,OUECHTATA
SILIANA,GAAFOUR
BIZERTE,GHAR EL MELEH
LE KEF,DAHMANI
SOUSSE,HERGLA
MONASTIR,BEMBLA
MAHDIA,REJICHE
ARIANA,BORJ EL AMRI
NABEUL,MENZEL SALEM
SOUSSE,SIDI BOU ALI
TUNIS,EL AOUINA
SFAX,SFAX
GABES,MENZEL EL HABIB
TUNIS,LE BARDO
KASSERINE,FOUSSANA
TUNIS,KSAR SAID
BEJA,SIDI SMAIL
TOZEUR,HASOUA
TUNIS,EZZOUHOUR
TUNIS,GAMMARTH
ARIANA,M'NIHLA
ARIANA,RAOUED
ARIANA,CEBALET B AMMAR
TATAOUINE,BIR LAHMAR
MEDENINE,HASSI AMOR
BEN AROUS,BIR EL KASSAA
MEDENINE,JERBA
NABEUL,BENI-KHALED
SILIANA,BARGOU
ZAGHOUAN,HAMMAM ZRIBA
SIDI BOUZID,SIDI BOUZID
SOUSSE,M'SAKEN
MAHDIA,MELLOULECH
MEDENINE,ZARZIS
NABEUL,GROMBALIA
JENDOUBA,BALTA
KAIROUAN,CHERARDA
SOUSSE,HAMMAM SOUSSE
MONASTIR,SIDI BEN NOUR
KAIROUAN,SIDI ALI BEN NASRALL
KASSERINE,SBEITLA
SOUSSE,SOUSSE
MONASTIR,MOKNINE
KAIROUAN,MENZEL M'HIRI
SIDI BOUZID,BEN AOUN
GABES,TEBOULBOU
NABEUL,BOUARGOUB
SFAX,AGAREB
SILIANA,SILIANA
MAHDIA,KERKER
KEBILI,DOUZ
BEJA,GOUBELLAT
BEJA,MEDJEZ EL BAB
JENDOUBA,JENDOUBA
KEBILI,ELFAOUAR
ZAGHOUAN,NADOUR
BEJA,I D E N
GAFSA,GAFSA
NABEUL,HAMMAMET
SILIANA,MAKTHAR
MAHDIA,EL JEM
BEN AROUS,FOUCHANA
